9,Lcom/maps_of_colorado/map/InsertSomething;
67,InsertSomethingData()V
291,147_v6
70,setUpMap()V
278,1024_v1
280,1045_v1
281,1052_v1
282,1054_v11
283,1062_v1
284,1064_Lcom/maps_of_colorado/map/InsertSomething;->addressString:Ljava/lang/String;
295,1074_v2
296,1076_v1
279,1033_v6
270,1087_v2
271,1097_v2
289,973_v1
272,1104_v2
273,1107_v1
269,981_v13
274,1114_v2
275,1116_v1
290,991_v0
285,1130_v1
286,1134_v1
287,1138_v1
277,1012_v7
20,Lcom/maps_of_colorado/map/UploadFile;
102,uploadToServer(Ljava/lang/String;Ljava/lang/String;Ljava/lang/String;Ljava/lang/String;Ljava/lang/String;Ljava/lang/String;Ljava/lang/String;Ljava/lang/String;Ljava/lang/String;)Ljava/lang/String;
293,589_v2
294,591_v0
292,127_p6

67,9
291,67
70,9
278,70
280,70
281,70
282,70
283,70
284,70
295,70
296,70
279,70
270,70
271,70
289,70
272,70
273,70
269,70
274,70
275,70
290,70
285,70
286,70
287,70
277,70
102,20
293,102
294,102
292,102

289,269
269,270
270,271
271,272
272,273
269,274
274,275
289,290
290,277
277,278
277,279
279,280
279,281
281,282
282,283
283,284
284,291
291,292
292,293
293,294
284,295
295,296
279,285
285,286
286,287
